{"cameraMode":{"drawMode":0,"name":"Shaded","section":"Shading Mode"},"sceneLighting":false,"audioPlay":false,"sceneViewState":{"m_AlwaysRefresh":false,"showFog":true,"showSkybox":false,"showFlares":true,"showImageEffects":true,"showParticleSystems":true,"showVisualEffectGraphs":true,"m_FxEnabled":true},"in2DMode":false,"pivot":{"x":-0.21923112869262696,"y":-0.4315366744995117,"z":-0.08952271938323975},"rotation":{"x":-0.12165350466966629,"y":-0.8186737298965454,"z":0.16900886595249177,"w":-0.5351988673210144},"size":1.7320507764816285,"orthographic":false}